collection,subject,lecture,topic,questions
practice,Anatomy,1,Anatomy Of Oral Cavity and Tongue,28
practice,Anatomy,2,Anatomy Of Palate,23
practice,Anatomy,3,Anatomy Of Pharynx and Esophagus,50
practice,Anatomy,4,Anatomy Of Parotid Gland,47
practice,Anatomy,5,Anatomy Of Submandibular & Sublingual Gland,44
practice,Anatomy,6,Anatomy of Anterior Abdominal Wall Muscles and Planes of Abdomen,26
practice,Anatomy,7,Anatomy of Rectus Sheath and Neurovascular supply of anterior abdominal wall,32
practice,Anatomy,8,Anatomy Of Inguinal Canal,60
practice,Anatomy,9,"Anatomy Of Peritoneum, Stomach and lesser omentum",75
practice,Anatomy,10,Anatomy Of Coeliac trunk,20
practice,Anatomy,11,Anatomy Of Duodenum and Pancreas,54
practice,Anatomy,12,"Embryology Of Tongue, palate, salivary glands and foregut",45
practice,Anatomy,13,Anatomy Of Liver and portal vein,42
practice,Anatomy,14,"Anatomy Of Biliary System, portosystemic anastomosis and development of pancreas & Liver",56
practice,Anatomy,15,Anatomy Of Small Intestine and SMA,34
practice,Anatomy,16,Anatomy Of Posterior Abdominal Wall,39
practice,Anatomy,17,Anatomy Of large intestine and IMA,45
practice,Anatomy,18,Anatomy Of Rectum and Anal canal,44
practice,Anatomy,19,Embryology of midgut and hindgut,40
practice,Physiology,1,Physiology Of Digestive System & Regulation of GIT Functions,103
practice,Physiology,2,Physiology Of GIT Reflexes,53
practice,Physiology,3,Physiology Of Stomach & Vomiting,54
practice,Physiology,4,Physiology Of Gastric Mucosa & Phases of Gastric Secretion,85
practice,Physiology,5,Physiology Of Pancreas & Liver,50
practice,Physiology,6,Physiology Of Gall Bladder& Bile Salts,57
practice,Physiology,7,Physiology Of Small Intestine,38
practice,Physiology,8,Physiology Of Absorption in Small Intestine,89
practice,Physiology,9,Physiology Of Diarrhea & Large Intestine and Constipation,35
practice,Physiology,10,Physiology Of GIT Hormones,70
practice,Histology,1,Histology of Oral Cavity,83
practice,Histology,2,"Histology of Taste bud, palate and pharynx",31
practice,Histology,3,Histology of Salivary glands,72
practice,Histology,4,Histology of Esophagus,39
practice,Histology,5,Histology of Stomach,117
practice,Histology,6,Histology of Small Intestine,120
practice,Histology,7,Histology of Large intestine,49
practice,Histology,8,Histology of Liver,97
practice,Histology,9,Histology of Biliary passages,36
practice,Histology,10,Histology of pancreas,36
practice,Biochemistry,1,Introduction to nutrition,61
practice,Biochemistry,2,Lipogenesis & obesity,69
practice,Biochemistry,3,Vitamins,43
practice,Biochemistry,4,Minerals,34
practice,Biochemistry,5,Heme catabolism & jaundice,45
practice,Biochemistry,6,Bile acids & salts,35
practice,Biochemistry,7,Nucleotide Metabolism,56
practice,Biochemistry,8,Liver detoxification & Fatty liver,52
practice,Pathology,1,Diseases & tumors of the oral cavity,19
practice,Pathology,2,Diseases and tumors of salivary glands,44
practice,Pathology,3,Diseases of esophagus,56
practice,Pathology,4,Tumors of esophagus,26
practice,Pathology,5,Gastritis & gastric polyps,49
practice,Pathology,6,Peptic ulcer disease,68
practice,Pathology,7,Tumors of the stomach,50
practice,Pathology,8,Diarrheal diseases,35
practice,Pathology,9,Infectious Diseases of Small Intestine & intestinal polyps,49
practice,Pathology,10,Inflammatory diseases of large intestine,26
practice,Pathology,11,Crohn’s disease& ulcerative colitis,49
practice,Pathology,12,Diverticulosis & Pseudomembrane colitis,17
practice,Pathology,13,Tumors of the large intestine,58
practice,Pathology,14,Congenital anomalies of small & large intestine,33
practice,Pathology,15,Intestinal Obstruction,17
practice,Pathology,16,Appendix,22
practice,Pathology,17,Hepatitis,88
practice,Pathology,18,Cirrhosis & cholestasis,58
practice,Pathology,19,Metabolic & Infectious diseases,51
practice,Pathology,20,Tumor of Liver,38
practice,Pathology,21,Gallbladder,33
practice,Pathology,22,Pancreas,67
practice,Pharmacology,1,Pharmacology of Antiemetics,67
practice,Pharmacology,2,Pharmacology of Antihistamines,17
practice,Pharmacology,3,Pharmacology of Anti secretory drugs,67
practice,Pharmacology,4,Pharmacology of Mucosal protectives,33
practice,Pharmacology,5,"Pharmacology of Anti H. Pylori, Antacids & GERD",40
practice,Pharmacology,6,Pharmacology of Liver,101
practice,Pharmacology,7,Pharmacology of Diarrhea &Constipation,85
practice,Pharmacology,8,Pharmacology of Anti-amoebic drugs,34
practice,Microbiology,1,Gastritis,25
practice,Microbiology,2,Viral hepatitis,109
practice,Microbiology,3,Watery diarrhea & food poisoning,73
practice,Microbiology,4,Bloody diarrhea,65
practice,Microbiology,5,Diarrhea (viral infection),18
practice,Microbiology,6,Enteric fever,29
practice,Parasitology,1,Trematodes of the liver (Fasciola species & Clonorchis sinensis),121
practice,Parasitology,2,Cestodes of the liver (Echinococcus granulosus & Echinococcus multilocularis),72
practice,Parasitology,3,Fasciolopsis Buski & Fasciolopsiasi,44
practice,Parasitology,4,Heterophyes Heterophyes & Metagonimus,81
practice,Parasitology,5,Diphyllobothrium latum,37
practice,Parasitology,6,Intestinal Taeniasis,96
practice,Parasitology,7,Hymenolepiasis (Nana / Diminuta),73
practice,Parasitology,8,Ascariasis,63
practice,Parasitology,9,Human Hookworms,58
practice,Parasitology,10,Toxocara species & Toxocariasis,37
practice,Parasitology,11,Non-Human Hookworms (Ancylostoma caninum & Braziliense),21
practice,Parasitology,12,Intestinal Capillariasis,28
practice,Parasitology,13,Strongyloides stercoralis & Strongyloidiasis,82
practice,Parasitology,14,Giardia,71
practice,Parasitology,15,Cryptosporidium & Cystoisospora & Microsporidium,58
practice,Parasitology,16,Intestinal schistosomiasis,73
practice,Parasitology,17,Enterobius vermicularis & Enterobiasis,89
practice,Parasitology,18,Trichocephalus Trichiurus,36
practice,Parasitology,19,Intestinal amoebiasis,66
practice,Parasitology,20,Extra- intestinal amoebiasis,29
practice,Parasitology,21,Balantidium coli & Balantidiasis,44
past-exams,Anatomy,1,Anatomy Of Oral Cavity and Tongue,11
past-exams,Anatomy,2,Anatomy Of Palate,7
past-exams,Anatomy,3,Anatomy Of Pharynx and Esophagus,17
past-exams,Anatomy,4,Anatomy Of Parotid Gland,13
past-exams,Anatomy,5,Anatomy Of Submandibular & Sublingual Gland,5
past-exams,Anatomy,6,Anatomy of Anterior Abdominal Wall Muscles and Planes of Abdomen,2
past-exams,Anatomy,7,Anatomy of Rectus Sheath and Neurovascular supply of anterior abdominal wall,6
past-exams,Anatomy,8,Anatomy Of Inguinal Canal,10
past-exams,Anatomy,9,"Anatomy Of Peritoneum, Stomach and lesser omentum",11
past-exams,Anatomy,10,Anatomy Of Coeliac trunk,4
past-exams,Anatomy,11,Anatomy Of Duodenum and Pancreas,8
past-exams,Anatomy,12,"Embryology Of Tongue, palate, salivary glands and foregut",10
past-exams,Anatomy,13,Anatomy Of Liver and portal vein,7
past-exams,Anatomy,14,"Anatomy Of Biliary System, portosystemic anastomosis and development of pancreas & Liver",11
past-exams,Anatomy,15,Anatomy Of Small Intestine and SMA,3
past-exams,Anatomy,16,Anatomy Of Posterior Abdominal Wall,0
past-exams,Anatomy,17,Anatomy Of large intestine and IMA,3
past-exams,Anatomy,18,Anatomy Of Rectum and Anal canal,4
past-exams,Anatomy,19,Embryology of midgut and hindgut,5
past-exams,Physiology,1,Physiology Of Digestive System & Regulation of GIT Functions,30
past-exams,Physiology,2,Physiology Of GIT Reflexes,19
past-exams,Physiology,3,Physiology Of Stomach & Vomiting,13
past-exams,Physiology,4,Physiology Of Gastric Mucosa & Phases of Gastric Secretion,18
past-exams,Physiology,5,Physiology Of Pancreas & Liver,1
past-exams,Physiology,6,Physiology Of Gall Bladder& Bile Salts,13
past-exams,Physiology,7,Physiology Of Small Intestine,2
past-exams,Physiology,8,Physiology Of Absorption in Small Intestine,10
past-exams,Physiology,9,Physiology Of Diarrhea & Large Intestine and Constipation,4
past-exams,Physiology,10,Physiology Of GIT Hormones,3
past-exams,Histology,1,Histology of Oral Cavity,14
past-exams,Histology,2,"Histology of Taste bud, palate and pharynx",0
past-exams,Histology,3,Histology of Salivary glands,9
past-exams,Histology,4,Histology of Esophagus,6
past-exams,Histology,5,Histology of Stomach,18
past-exams,Histology,6,Histology of Small Intestine,5
past-exams,Histology,7,Histology of Large intestine,2
past-exams,Histology,8,Histology of Liver,6
past-exams,Histology,9,Histology of Biliary passages,1
past-exams,Histology,10,Histology of pancreas,5
past-exams,Biochemistry,1,Introduction to nutrition,20
past-exams,Biochemistry,2,Lipogenesis & obesity,14
past-exams,Biochemistry,3,Vitamins,17
past-exams,Biochemistry,4,Minerals,6
past-exams,Biochemistry,5,Heme catabolism & jaundice,4
past-exams,Biochemistry,6,Bile acids & salts,2
past-exams,Biochemistry,7,Nucleotide Metabolism,6
past-exams,Biochemistry,8,Liver detoxification & Fatty liver,4
past-exams,Pathology,1,Diseases & tumors of the oral cavity,6
past-exams,Pathology,2,Diseases and tumors of salivary glands,22
past-exams,Pathology,3,Diseases of esophagus,10
past-exams,Pathology,4,Tumors of esophagus,5
past-exams,Pathology,5,Gastritis & gastric polyps,5
past-exams,Pathology,6,Peptic ulcer disease,4
past-exams,Pathology,7,Tumors of the stomach,10
past-exams,Pathology,8,Diarrheal diseases,1
past-exams,Pathology,9,Infectious Diseases of Small Intestine & intestinal polyps,0
past-exams,Pathology,10,Inflammatory diseases of large intestine,0
past-exams,Pathology,11,Crohn’s disease& ulcerative colitis,4
past-exams,Pathology,12,Diverticulosis & Pseudomembrane colitis,0
past-exams,Pathology,13,Tumors of the large intestine,4
past-exams,Pathology,14,Congenital anomalies of small & large intestine,0
past-exams,Pathology,15,Intestinal Obstruction,0
past-exams,Pathology,16,Appendix,1
past-exams,Pathology,17,Hepatitis,5
past-exams,Pathology,18,Cirrhosis & cholestasis,5
past-exams,Pathology,19,Metabolic & Infectious diseases,6
past-exams,Pathology,20,Tumor of Liver,5
past-exams,Pathology,21,Gallbladder,1
past-exams,Pathology,22,Pancreas,9
past-exams,Pharmacology,1,Pharmacology of Antiemetics,12
past-exams,Pharmacology,2,Pharmacology of Antihistamines,2
past-exams,Pharmacology,3,Pharmacology of Anti secretory drugs,21
past-exams,Pharmacology,4,Pharmacology of Mucosal protectives,5
past-exams,Pharmacology,5,"Pharmacology of Anti H. Pylori, Antacids & GERD",1
past-exams,Pharmacology,6,Pharmacology of Liver,4
past-exams,Pharmacology,7,Pharmacology of Diarrhea &Constipation,5
past-exams,Pharmacology,8,Pharmacology of Anti-amoebic drugs,3
past-exams,Microbiology,1,Gastritis,15
past-exams,Microbiology,2,Viral hepatitis,8
past-exams,Microbiology,3,Watery diarrhea & food poisoning,10
past-exams,Microbiology,4,Bloody diarrhea,7
past-exams,Microbiology,5,Diarrhea (viral infection),1
past-exams,Microbiology,6,Enteric fever,7
past-exams,Parasitology,1,Trematodes of the liver (Fasciola species & Clonorchis sinensis),8
past-exams,Parasitology,2,Cestodes of the liver (Echinococcus granulosus & Echinococcus multilocularis),2
past-exams,Parasitology,3,Fasciolopsis Buski & Fasciolopsiasi,1
past-exams,Parasitology,4,Heterophyes Heterophyes & Metagonimus,6
past-exams,Parasitology,5,Diphyllobothrium latum,1
past-exams,Parasitology,6,Intestinal Taeniasis,4
past-exams,Parasitology,7,Hymenolepiasis (Nana / Diminuta),5
past-exams,Parasitology,8,Ascariasis,8
past-exams,Parasitology,9,Human Hookworms,6
past-exams,Parasitology,10,Toxocara species & Toxocariasis,5
past-exams,Parasitology,11,Non-Human Hookworms (Ancylostoma caninum & Braziliense),0
past-exams,Parasitology,12,Intestinal Capillariasis,3
past-exams,Parasitology,13,Strongyloides stercoralis & Strongyloidiasis,7
past-exams,Parasitology,14,Giardia,2
past-exams,Parasitology,15,Cryptosporidium & Cystoisospora & Microsporidium,2
past-exams,Parasitology,16,Intestinal schistosomiasis,7
past-exams,Parasitology,17,Enterobius vermicularis & Enterobiasis,4
past-exams,Parasitology,18,Trichocephalus Trichiurus,3
past-exams,Parasitology,19,Intestinal amoebiasis,2
past-exams,Parasitology,20,Extra- intestinal amoebiasis,0
past-exams,Parasitology,21,Balantidium coli & Balantidiasis,2
